date,median.solar,median.temp,median.RH,median.leafwetness,median.leafwetnessCounts,median.precip,median.soilmoisture,median.soiltempC
3/1/15,1.83,7.85,0.9,60,460.5,0,0.37,11.6
3/2/15,5.49,6.7,0.91,0,447,0,0.37,11.5
3/3/15,3.66,8.4,0.89,0,446.5,0,0.36,11.35
3/4/15,2.745,9.2,0.825,0,445,0,0.36,11.6
3/5/15,1.83,11.7,0.72,0,443,0,0.36,11.9
3/6/15,2.745,11.5,0.61,0,441,0,0.36,12.4
3/7/15,3.66,12.9,0.63,0,441,0,0.35,12.6
3/8/15,3.66,11.7,0.75,0,443,0,0.35,13.1
3/9/15,2.745,10.7,0.88,0,445.5,0,0.35,12.9
3/10/15,1.83,11.35,0.9,0,447,0,0.35,13
3/11/15,0.9,10.8,0.94,60,468,0,0.35,12.9
3/12/15,2.745,13.05,0.87,0,447,0,0.35,12.9
3/13/15,3.68,15.5,0.785,0,445,0,0.35,13.45
3/14/15,3.66,16.1,0.63,0,443.5,0,0.35,14.1
3/15/15,1.815,14.1,0.7,0,443,0,0.35,14.15
3/16/15,2.745,15.4,0.68,0,444,0,0.35,13.9
3/17/15,3.66,13.8,0.74,0,444,0,0.35,13.9
3/18/15,3.66,11.05,0.82,0,445,0,0.35,13.4
3/19/15,1.83,12.9,0.76,0,444,0,0.35,13.5
3/20/15,3.66,12.85,0.69,0,444,0,0.35,13.7
3/21/15,5.49,12.5,0.79,0,445,0,0.35,13.5
3/22/15,0.915,11.35,0.93,48,453,0,0.35,13.6
3/23/15,3.66,10.45,0.95,60,477.5,0,0.35,13.3
3/24/15,4.575,11.95,0.88,0,448,0,0.35,13
3/25/15,3.68,12.6,0.835,0,447.5,0,0.35,13.3
3/26/15,3.68,14.8,0.72,0,444,0,0.35,13.8
3/27/15,5.49,13.45,0.78,0,445,0,0.35,14.2
3/28/15,5.49,13.15,0.72,0,445,0,0.35,14
3/29/15,4.595,13.7,0.71,0,443.5,0,0.35,14
3/30/15,5.49,12.8,0.71,0,443.5,0,0.35,14.1
3/31/15,5.49,10.2,0.77,0,444,0,0.35,13.6
4/1/15,5.49,9.1,0.73,0,444,0,0.35,13
4/2/15,5.49,9.9,0.61,0,442.5,0,0.35,12.6
4/3/15,5.49,10.25,0.61,0,442.5,0,0.35,12.6
4/4/15,5.49,8.6,0.72,0,443,0,0.35,12.5
4/5/15,5.49,7.5,0.85,0,446,0,0.35,12.1
4/6/15,5.49,8.35,0.88,0,447,0,0.35,11.8
4/7/15,3.66,8.7,0.92,60,463.5,0,0.37,11.6
4/8/15,4.595,8.6,0.93,60,452,0,0.36,11.55
4/9/15,5.495,9.3,0.85,0,447,0,0.36,11.8
4/10/15,6.41,10.05,0.81,0,445.5,0,0.36,12.1
4/11/15,7.32,11.05,0.77,0,445.5,0,0.36,12.2
4/12/15,7.32,14.35,0.775,0,445,0,0.36,12.65
4/13/15,6.395,10.7,0.85,0,446,0,0.35,13.1
4/14/15,5.49,9.4,0.67,0,443.5,0,0.35,12.4
4/15/15,5.49,11.8,0.565,0,442,0,0.35,12.2
4/16/15,3.66,13.25,0.495,0,441,0,0.35,12.8
4/17/15,3.66,13.35,0.585,0,441,0,0.35,13.15
4/18/15,0,9.95,0.79,0,444,0,0.35,13.1
4/19/15,0,10.45,0.92,0,447,0,0.35,12.95
4/20/15,0,10,0.93,0,447,0,0.35,12.8
4/21/15,0,9.85,0.93,0,449,0,0.35,12.6
4/22/15,0,9.5,0.95,60,465,0,0.35,12.4
4/23/15,0,9.1,0.95,44,452,0,0.35,12.25
4/24/15,1.83,10.6,0.825,0,447.5,0,0.35,12.2
4/25/15,0.915,11.1,0.92,60,471.5,0,0.37,12.4
4/26/15,0.9,11.3,0.84,0,447.5,0,0.37,12.4
4/27/15,1.83,13.75,0.86,0,446,0,0.36,13.1
4/28/15,1.83,12.45,0.85,0,447,0,0.36,13.5
4/29/15,1.83,11.9,0.86,0,447,0,0.36,13.6
4/30/15,0.915,17.9,0.585,0,442.5,0,0.36,14
5/1/15,1.83,14.9,0.73,0,444,0,0.36,14.5
5/2/15,1.83,9.95,0.895,0,447.5,0,0.36,13.9
5/3/15,0,9.5,0.89,0,447,0,0.35,13.2
5/4/15,1.83,9.3,0.865,0,447,0,0.35,13.1
5/5/15,1.83,9.25,0.85,0,446,0,0.35,12.9
5/6/15,1.83,9.2,0.835,0,446.5,0,0.35,12.8
5/7/15,0,8.7,0.93,60,482,0,0.35,12.4
5/8/15,1.83,9.6,0.95,60,464,0,0.35,12.4
5/9/15,1.83,9.7,0.93,0,449,0,0.35,12.5
5/10/15,1.83,10.4,0.89,0,448,0,0.35,12.8
5/11/15,2.745,9.3,0.85,0,447,0,0.35,12.9
5/12/15,3.66,9.1,0.775,0,445,0,0.35,12.5
5/13/15,3.66,9.7,0.82,0,447,0,0.35,12.4
5/14/15,3.68,10.15,0.88,0,448,0,0.35,12.5
5/15/15,2.745,9.6,0.86,0,448.5,0,0.35,12.35
5/16/15,1.83,10.75,0.86,0,448.5,0,0.35,12.6
5/17/15,0,10.75,0.84,0,448,0,0.35,12.7
5/18/15,0,10.45,0.86,0,448.5,0,0.34,12.7
5/19/15,0,10.7,0.88,0,449,0,0.34,12.9
5/20/15,0,11.3,0.85,0,448,0,0.34,12.8
5/21/15,0,11,0.95,60,473,0,0.34,12.8
5/22/15,0,11.4,0.95,60,465,0,0.34,12.85
5/23/15,0,10.5,0.92,0,449,0,0.34,12.9
5/24/15,0,10.8,0.915,0,449,0,0.34,12.7
5/25/15,0,11.4,0.91,0,449,0,0.34,13
5/26/15,0,11.2,0.92,0,449,0,0.34,13.1
5/27/15,0,11.1,0.895,0,449,0,0.34,13.2
5/28/15,0.9,12.6,0.87,0,449,0,0.34,13.3
5/29/15,0,12.55,0.885,0,449,0,0.34,13.7
5/30/15,0,12.1,0.905,0,447,0,0.34,13.9
5/31/15,0,10.85,0.92,0,449,0,0.34,13.8
6/1/15,1.83,13,0.9,0,449,0,0.34,13.6
6/2/15,0,13.1,0.83,0,446,0,0.34,14.15
6/3/15,0,12.1,0.86,0,447.5,0,0.34,14.1
6/4/15,0,11.8,0.87,0,449,0,0.34,13.8
6/5/15,0,11.1,0.95,0,449,0,0.34,13.5
6/6/15,0,11.9,0.94,0,449,0,0.34,13.6
6/7/15,0.9,15,0.87,0,447.5,0,0.34,14.05
6/8/15,1.815,16.55,0.86,0,446,0,0.34,15.35
6/9/15,0.9,18.3,0.85,0,448,0,0.34,15.3
6/10/15,1.83,19.85,0.83,0,448,0,0.34,16
6/11/15,1.83,15.3,0.88,0,448,0,0.34,15.8
6/12/15,1.83,15.5,0.86,0,448,0,0.34,15.9
6/13/15,0,12.9,0.91,0,449,0,0.34,15.4
6/14/15,0,12.35,0.87,0,447.5,0,0.34,15
6/15/15,0,12.1,0.87,0,447,0,0.34,14.9
6/16/15,0,12.95,0.855,0,446.5,0,0.34,14.8
6/17/15,0,13.6,0.85,0,447,0,0.34,15
6/18/15,0,15.5,0.67,0,444.5,0,0.34,15.1
6/19/15,0,17.45,0.61,0,444,0,0.33,15.3
6/20/15,0,16.1,0.69,0,445,0,0.33,15.7
6/21/15,0,13.55,0.78,0,445,0,0.33,15.5
6/22/15,0,14.2,0.78,0,445,0,0.33,15.3
6/23/15,0,13.45,0.795,0,446.5,0,0.33,15.25
6/24/15,0,13.8,0.82,0,445.5,0,0.33,15.15
6/25/15,0,17,0.68,0,445,0,0.33,15.45
6/26/15,0,15.05,0.75,0,446,0,0.33,15.6
6/27/15,0,14.2,0.9,0,449,0,0.33,15.4
6/28/15,0,15.15,0.87,0,447,0,0.33,15.6
6/29/15,0,18.7,0.77,0,447,0,0.33,15.85
6/30/15,0,18.45,0.69,0,444,0,0.33,16.8
7/1/15,0,18.2,0.705,0,443,0,0.33,16.9
7/2/15,0,17.1,0.765,0,445,0,0.33,16.7
7/3/15,0,15.3,0.89,0,445.5,0,0.33,16.5
7/4/15,0,14.9,0.9,0,446,0,0.33,16.4
7/5/15,0,14.7,0.92,0,449,0,0.33,16.1
7/6/15,1.83,15.25,0.77,0,445,0,0.33,16.3
7/7/15,0,15.2,0.78,0,445,0,0.33,16.4
7/8/15,0,13.75,0.815,0,445,0,0.33,15.9
7/9/15,0,14,0.88,0,448.5,0,0.33,15.6
7/10/15,1.815,14.4,0.81,0,446,0,0.33,15.6
7/11/15,0,14.4,0.75,0,445,0,0.33,15.75
7/12/15,0,15.4,0.76,0,445,0,0.33,16
7/13/15,0,15.35,0.74,0,444,0,0.33,16.25
7/14/15,0,14.3,0.78,0,444.5,0,0.33,16.35
7/15/15,0,13.7,0.9,0,447,0,0.33,16
7/16/15,0,13.45,0.88,0,447,0,0.33,15.8
7/17/15,0,13.5,0.84,0,446,0,0.33,15.9
7/18/15,0,13.65,0.8,0,445,0,0.33,15.8
7/19/15,1.83,19.2,0.78,0,445,0,0.33,16.15
7/20/15,1.83,18.9,0.69,0,443,0,0.33,17.4
7/21/15,0,16.45,0.82,0,445,0,0.33,17.3
7/22/15,0,14.1,0.82,0,445,0,0.33,16.7
7/23/15,0,13.55,0.75,0,444.5,0,0.33,16.3
7/24/15,0,14.8,0.59,0,443,0,0.33,16.2
7/25/15,0,15.6,0.7,0,441,0,0.33,16.3
7/26/15,0,13.9,0.81,0,444.5,0,0.33,16.5
7/27/15,1.83,16.65,0.62,0,444,0,0.33,16.3
7/28/15,1.83,16.3,0.68,0,441,0,0.33,16.9
7/29/15,1.83,15.65,0.78,0,443,0,0.33,16.8
7/30/15,1.83,15.9,0.83,0,444.5,0,0.33,16.7
7/31/15,1.83,15.55,0.85,0,445,0,0.33,16.9
8/1/15,3.66,15.7,0.78,0,444,0,0.33,17
8/2/15,3.66,15.4,0.78,0,444,0,0.33,16.9
8/3/15,2.745,14.1,0.71,0,444,0,0.33,16.6
8/4/15,1.83,14.3,0.76,0,444,0,0.33,16.3
8/5/15,1.83,15.75,0.715,0,444,0,0.33,16.3
8/6/15,1.83,15.15,0.84,0,445,0,0.33,16.5
8/7/15,1.83,14.1,0.89,0,445,0,0.33,16.2
8/8/15,1.83,13.9,0.845,0,445,0,0.33,16
8/9/15,1.83,14.3,0.85,0,444,0,0.33,16.05
8/10/15,2.745,15.7,0.79,0,444,0,0.33,16.4
8/11/15,1.83,14.7,0.81,0,444,0,0.33,16.45
8/12/15,1.815,13.8,0.74,0,444,0,0.32,16.3
8/13/15,1.83,15.5,0.705,0,444,0,0.32,16.55
8/14/15,1.815,16.1,0.66,0,442.5,0,0.32,16.7
8/15/15,1.83,21.9,0.44,0,441,0,0.32,17.1
8/16/15,0,21.45,0.5,0,437,0,0.32,18.2
8/17/15,0,17.75,0.67,0,441,0,0.32,18
8/18/15,0,14,0.85,0,445,0,0.32,17.2
8/19/15,1.83,14.15,0.83,0,445,0,0.32,16.8
8/20/15,1.815,15.2,0.82,0,445,0,0.32,16.65
8/21/15,1.83,14,0.87,0,445,0,0.32,16.5
8/22/15,0,14,0.91,0,445,0,0.32,16.2
8/23/15,0,14.3,0.83,0,445,0,0.32,16.2
8/24/15,1.815,15.7,0.75,0,444,0,0.32,16.3
8/25/15,1.815,15.7,0.68,0,441,0,0.32,16.65
8/26/15,1.815,19.1,0.535,0,441,0,0.32,16.8
8/27/15,1.83,22.55,0.48,0,437,0,0.32,17.55
8/28/15,2.745,21.9,0.58,0,440,0,0.32,18.3
8/29/15,2.745,18.4,0.8,0,441,0,0.32,18
8/30/15,1.815,16.9,0.78,0,441,0,0.32,17.45
8/31/15,1.815,16.05,0.785,0,441,0,0.31,17.15
9/1/15,1.83,14.1,0.89,0,445,0,0.24,16.7
9/2/15,0,15.2,0.885,0,445,0,0.31,16.4
9/3/15,0,14.1,0.82,0,443.5,0,0.32,16.3
9/4/15,1.83,12.1,0.815,0,443,0,0.32,15.8
9/5/15,0,15.5,0.67,0,442,0,0.32,15.55
9/6/15,0.915,18.3,0.395,0,439,0,0.32,15.9
9/7/15,0,20.95,0.37,0,437,0,0.32,16.5
9/8/15,0,22.75,0.36,0,436.5,0,0.32,17.35
9/9/15,0,24.3,0.365,0,436.5,0,0.305,18
9/10/15,0,22.55,0.41,0,437,0,0.32,18.7
9/11/15,0,24.3,0.42,0,437,0,0.31,18.9
9/12/15,0,17.3,0.765,0,441,0,0.31,18.05
9/13/15,0,16.7,0.795,0,441,0,0.32,17.55
9/14/15,0,14.5,0.96,60,469.5,0,0.31,16.8
9/15/15,0.9,13.8,0.92,0,445,0,0.21,16.55
9/16/15,0,14.8,0.87,0,445,0,0.23,15.8
9/17/15,0,15.05,0.795,0,444.5,0,0.285,15.9
9/18/15,0,16.9,0.67,0,441,0,0.295,16.1
9/19/15,0,21.1,0.525,0,440,0,0.255,16.55
9/20/15,0,22.95,0.44,0,437,0,0.32,17.45
9/21/15,0,23.05,0.445,0,437,0,0.32,18.35
9/22/15,0,15.7,0.83,0,441,0,0.31,17.75
9/23/15,0,17.6,0.77,0,441,0,0.3,16.85
9/24/15,0,22,0.45,0,437,0,0.3,17.3
9/25/15,0,19.95,0.455,0,437,0,0.32,17.9
9/26/15,0,18.3,0.515,0,437,0,0.32,17.75
9/27/15,1.83,16.8,0.65,0,441,0,0.32,17.6
9/28/15,0.915,14.4,0.84,0,441,0,0.32,17.05
9/29/15,0.915,13.3,0.79,0,442,0,0.32,16.5
9/30/15,0,14.5,0.83,0,445,0,0.32,16.3
10/1/15,0,15.5,0.82,0,441.5,0,0.32,16.4
10/2/15,0,14.55,0.83,0,441,0,0.32,16.45
10/3/15,0,12.4,0.83,0,444.5,0,0.32,16.05
10/4/15,0,12.4,0.78,0,441,0,0.32,15.6
10/5/15,0,14,0.86,0,442,0,0.32,15.5
10/6/15,0,14.5,0.86,0,441,0,0.32,15.8
10/7/15,0,14.8,0.77,0,441,0,0.32,15.8
10/8/15,0,18.65,0.555,0,441,0,0.32,16.55
10/9/15,0,19.1,0.48,0,437,0,0.32,17.2
10/10/15,0,17.1,0.6,0,441,0,0.32,17.3
10/11/15,0,15.3,0.71,0,441,0,0.32,17.2
10/12/15,0,17.15,0.545,0,441,0,0.32,17.3
10/13/15,0,19.55,0.495,0,437,0,0.32,17.75
10/14/15,0,18.7,0.58,0,439,0,0.32,17.6
10/15/15,0,17.9,0.77,0,441,0,0.32,17.5
10/16/15,0,15.9,0.825,0,441,0,0.32,17.3
10/17/15,0,14.45,0.875,0,443.5,0,0.32,16.9
10/18/15,0,13.9,0.89,0,442,0,0.32,16.3
10/19/15,0,14,0.895,0,442,0,0.32,16.1
10/20/15,0,13.1,0.735,0,441,0,0.32,16
10/21/15,0,14.9,0.63,0,441,0,0.32,16
10/22/15,0,13.75,0.735,0,441,0,0.32,16
10/23/15,0,13.9,0.805,0,441,0,0.32,15.8
10/24/15,0,16.1,0.67,0,441,0,0.32,16
10/25/15,0,15.7,0.64,0,441,0,0.32,16.2
10/26/15,0,14.75,0.66,0,441,0,0.32,16.05
10/27/15,0,16.55,0.635,0,441,0,0.32,15.9
10/28/15,0,15.2,0.79,0,441,0,0.32,16
10/29/15,0,14.6,0.68,0,441,0,0.32,15.6
10/30/15,0,17.7,0.46,0,437,0,0.32,15.6
10/31/15,0,16.95,0.56,0,439.5,0,0.32,16.15
11/1/15,0,15.05,0.81,0,441,0,0.32,16.2
11/2/15,0,11.55,0.95,60,490.5,0,0.335,15.35
11/3/15,0,8.3,0.89,0,445,0,0.34,14.4
11/4/15,0,8.1,0.76,0,441,0,0.34,13.8
11/5/15,0,9.1,0.79,0,441,0,0.34,13.3
11/6/15,0,10,0.78,0,441,0,0.33,13.4
11/7/15,0,10,0.78,0,441,0,0.33,13.4
11/8/15,0,9.55,0.92,51,454,0,0.22,13.4
11/9/15,0,7.7,0.97,60,503,0,0.22,12.7
11/10/15,0,6.5,0.97,0,448,0,0.24,12.3
11/11/15,0,7.4,0.95,0,445,0,0.24,12.1
11/12/15,0,8.55,0.86,0,445,0,0.24,12.2
11/13/15,0,10.25,0.85,0,444,0,0.23,12.35
11/14/15,0,9.7,0.82,0,442.5,0,0.23,12.8
11/15/15,0,9.5,0.925,50.5,449,0,0.23,12.4
11/16/15,0,7.4,0.71,0,441,0,0.25,11.6
11/17/15,0,9.45,0.83,0,442,0,0.25,11.6
11/18/15,0,10.75,0.92,0,445,0,0.25,12.2
11/19/15,0,12.25,0.92,0,445,0,0.24,12.7
11/20/15,0,13.2,0.82,0,441,0,0.24,13.2
11/21/15,0,13.45,0.8,0,441,0,0.24,13.7
11/22/15,0,13.05,0.75,0,441,0,0.24,14.05
11/23/15,0,9.9,0.87,0,444.5,0,0.24,13.4
11/24/15,0,7.9,0.95,60,457,0,0.24,12.7
11/25/15,0,4.4,0.96,60,460,0,0.25,11.6
11/26/15,0,3.1,0.83,0,445,0,0.25,10.7
11/27/15,0,3.9,0.75,0,442,0,0.25,10.3
11/28/15,0,3.8,0.74,0,441,0,0.25,10.1
11/29/15,0,4.1,0.77,0,441,0,0.25,10
11/30/15,0,4.85,0.79,0,441,0,0.25,10
12/1/15,0,6.7,0.79,0,441,0,0.25,10.3
12/2/15,0,8.3,0.78,0,441,0,0.24,10.7
12/3/15,0,9.25,0.92,60,456,0,0.24,11.2
12/4/15,0,7.4,0.97,60,490.5,0,0.26,11.2
12/5/15,0,6.6,0.97,60,455.5,0,0.26,11
12/6/15,0,9.6,0.96,0,448,0,0.26,11.1
12/7/15,0,10.9,0.95,0,449,0,0.26,11.9
12/8/15,0,10.8,0.96,0,448,0,0.26,12.3
12/9/15,0,12.1,0.96,0,446,0,0.26,12.6
12/10/15,0,12,0.97,60,529,0,0.28,13
12/11/15,0,7.75,0.97,60,515.5,0,0.28,12
12/12/15,0,8,0.96,0,446,0,0.27,11.5
12/13/15,0,7.6,0.97,60,521,0,0.28,11.1
12/14/15,0,5,0.93,0,445,0,0.28,10.4
12/15/15,0,4.8,0.82,0,444,0,0.28,10.05
12/16/15,0,4.9,0.87,0,443,0,0.27,9.7
12/17/15,0,6.55,0.91,0,445,0,0.27,9.8
12/18/15,0,9.25,0.95,0,449,0,0.27,10.1
12/19/15,0,8.3,0.97,60,510.5,0,0.28,10.6
12/20/15,0,6.4,0.97,60,487.5,0,0.28,10
12/21/15,0,10.25,0.98,60,584.5,2,0.3,9.7
12/22/15,0,12.6,0.99,60,561,0,0.3,12.1
12/23/15,0,6.3,0.94,0,447,0,0.28,11
12/24/15,0,6,0.97,60,495,0,0.28,10.4
12/25/15,0,4.1,0.97,0,446.5,0,0.28,9.8
12/26/15,0,3.9,0.805,0,444,0,0.28,9.4
12/27/15,0,4.8,0.86,0,444.5,0,0.27,9
12/28/15,0,4.65,0.94,60,457,0,0.27,9.1
12/29/15,0,3.5,0.94,0,445.5,0,0.27,9.1
12/30/15,0,5.3,0.94,0,446,0,0.27,9.05
12/31/15,0,4.8,0.905,0,445.5,0,0.27,9.3
1/1/16,0,4.8,0.86,0,444.5,0,0.27,9.1
1/2/16,0,7.95,0.91,0,444.5,0,0.27,9.15
1/3/16,0,9.35,0.93,0,448,0,0.27,9.7
1/4/16,0,9.65,0.98,60,540.5,0,0.27,10.2
1/5/16,0,9.1,0.99,60,582,0,0.3,10.3
1/6/16,0,7.9,0.99,60,603,0,0.3,9.85
1/7/16,0,6.5,0.99,60,588.5,0,0.29,9.9
1/8/16,0,6.4,0.99,60,482.5,0,0.29,9.9
1/9/16,0,7.2,0.99,60,556,0,0.28,10
1/10/16,0,8.6,0.99,60,511,0,0.28,10.3
1/11/16,0,9.15,0.99,60,453,0,0.28,10.7
1/12/16,0,9.45,0.98,18,447,0,0.28,11
1/13/16,0,10.85,0.98,60,502.5,0,0.29,11.25
1/14/16,0,8.35,0.98,60,495,0,0.29,10.8
1/15/16,0,9.55,0.99,60,526.5,0,0.29,10.9
1/16/16,0,10.65,0.99,60,630,0,0.29,11.2
1/17/16,0,11.9,0.99,60,632.5,0,0.29,11.7
1/18/16,0,11.5,1,60,531,0,0.3,12
1/19/16,0,10.7,1,60,595.5,0,0.31,12
1/20/16,0,9.9,1,60,497,0,0.29,12
1/21/16,0,10.7,0.99,60,492,0,0.29,11.9
1/22/16,0,11.6,1,60,624,0,0.305,11.85
1/23/16,0,9.45,1,60,533.5,0,0.29,11.8
1/24/16,0,6.8,0.99,60,483,0,0.29,11.3
1/25/16,0,9.2,0.99,18,449,0,0.285,11.2
1/26/16,0,8.9,0.98,60,453.5,0,0.28,11.45
1/27/16,0,8.85,0.97,0,447,0,0.28,11.6
1/28/16,0,10.8,0.95,0,445.5,0,0.28,11.6
1/29/16,0,12.2,0.99,60,577.5,0,0.28,12.05
1/30/16,0,9.1,0.99,60,479,0,0.29,12.1
1/31/16,0,6.3,0.97,60,477.5,0,0.29,11.2
2/1/16,0,5.3,0.725,0,443.5,0,0.28,10.5
2/2/16,0,5.5,0.97,60,528,0,0.28,10.3
2/3/16,0,6.35,0.98,60,478,0,0.28,10.25
2/4/16,0,7.6,0.955,0,444,0,0.28,10.4
2/5/16,0,8.7,0.915,0,442,0,0.28,10.85
2/6/16,0,10.2,0.81,0,441.5,0,0.28,11.2
2/7/16,0,13.3,0.77,0,439,0,0.28,11.7
2/8/16,0,13.9,0.74,0,438,0,0.28,12.3
2/9/16,0,13.4,0.725,0,437,0,0.28,12.9
2/10/16,0,13.55,0.72,0,437,0,0.28,13.15
2/11/16,0,13.1,0.75,0,438.5,0,0.27,13.3
2/12/16,0,13.3,0.83,0,438,0,0.27,13.35
2/13/16,0,11.8,0.85,0,440,0,0.27,13.4
2/14/16,0,12.65,0.77,0,437,0,0.27,13.3
2/15/16,0,16,0.7,0,437,0,0.27,13.7
2/16/16,0,14.6,0.69,0,437,0,0.27,14
2/17/16,0,12.8,0.855,0,445,0,0.27,13.8
2/18/16,0,9.2,0.97,58.5,457.5,0,0.295,12.7
2/19/16,0,10,0.96,0,443.5,0,0.31,12.45
2/20/16,0,9.7,0.94,0,441,0,0.32,12.5
2/21/16,0,9.2,0.89,0,441,0,0.32,12.5
2/22/16,0,11.5,0.76,0,441,0,0.28,12.55
2/23/16,0,11.8,0.69,0,438,0,0.28,12.85
2/24/16,0,12,0.76,0,440.5,0,0.27,13.05
2/25/16,0,13.05,0.8,0,442,0,0.27,13.2
2/26/16,0,13.25,0.82,28,447,0,0.27,13.5
2/27/16,0,12.1,0.93,23.5,447,0,0.29,13.5
2/28/16,0,11.35,0.86,0,444,0,0.3,13.4
2/29/16,0,11.95,0.9,0,444.5,0,0.27,13.5
3/1/16,0,12.7,0.745,0,444,0,0.31,13.95
3/2/16,0,12.2,0.88,0,445,0,0.34,13.8
3/3/16,0,13.1,0.93,60,453,0,0.34,13.7
3/4/16,0,13.1,0.98,60,592,0,0.35,13.9
3/5/16,0,12.7,0.99,60,642.5,0.5,0.37,13.9
3/6/16,0,10.3,0.99,60,535,0,0.365,13.2
3/7/16,0,8.1,0.97,60,467,0,0.37,12.3
3/8/16,0,8.4,0.95,0,448.5,0,0.36,12.2
3/9/16,0,11.45,0.98,60,510,0,0.36,12.4
3/10/16,0,12.35,0.98,60,472,0,0.36,12.95
3/11/16,0,9.7,0.98,60,489.5,0,0.38,12.7
3/12/16,0,9.2,0.98,60,525,0,0.37,12.2
3/13/16,0,11.9,0.99,60,636.5,0,0.37,12.6
3/14/16,0,10.05,0.98,60,504,0,0.36,12.9
3/15/16,0,9.3,0.925,0,443.5,0,0.36,12.5
3/16/16,0,11.95,0.85,0,442,0,0.355,12.6
3/17/16,0,12.85,0.83,0,441,0,0.35,13.3
3/18/16,0,10.8,0.925,0,443.5,0,0.35,13.6
3/19/16,0,10.7,0.94,0,445,0,0.36,13.5
3/20/16,0,12.3,0.96,0,449,0,0.35,13.35
3/21/16,0,9.1,0.98,60,505,0,0.36,13.1
3/22/16,0,8,0.93,0,449,0,0.365,12.7
3/23/16,0,9.4,0.875,0,442,0,0.36,12.5
3/24/16,0,9.75,0.91,0,442,0,0.36,12.7
3/25/16,0,9.8,0.9,0,442,0,0.36,12.95
3/26/16,0,11.45,0.91,0,441,0,0.35,13.1
3/27/16,0,10.2,0.87,0,442,0,0.35,13.4
3/28/16,0,8.3,0.825,0,441.5,0,0.36,12.6
3/29/16,0,9.4,0.78,0,441,0,0.36,12.2
3/30/16,0,11.15,0.81,0,441,0,0.36,12.1
3/31/16,0,10.7,0.895,0,442.5,0,0.36,12.5
4/1/16,0,11.7,0.91,0,443,0,0.36,12.6
4/2/16,0,11.5,0.93,0,441.5,0,0.36,12.85
4/3/16,0,10.5,0.95,0,449,0,0.36,13.1
4/4/16,0,11.1,0.875,0,443,0,0.35,13.3
4/5/16,0,15.25,0.64,0,441,0,0.35,13.65
4/6/16,0,16.3,0.66,0,437.5,0,0.34,14.45
4/7/16,0,12.7,0.89,0,441,0,0.35,14.8
4/8/16,0,12.3,0.94,0,447,0,0.36,14.4
4/9/16,0,12.1,0.97,60,453,0,0.36,14.3
4/10/16,0,11.1,0.98,60,490.5,0,0.36,14.1
4/11/16,0,11.3,0.93,0,445,0,0.36,13.85
4/12/16,0,10.6,0.885,0,442,0,0.36,13.9
4/13/16,0,11.2,0.85,0,441,0,0.36,13.7
4/14/16,0,10.1,0.89,0,447,0,0.35,13.6
4/15/16,0,12.15,0.86,0,443,0,0.35,13.35
4/16/16,0,13.3,0.73,0,440.5,0,0.335,13.75
4/17/16,0,13.9,0.67,0,439,0,0.28,14.5
4/18/16,0,14.3,0.61,0,437,0,0.325,14.95
4/19/16,0,13.3,0.6,0,438.5,0,0.35,15.3
4/20/16,0,13.15,0.69,0,440,0,0.35,14.95
4/21/16,0,13.3,0.92,0,441.5,0,0.35,15.1
4/22/16,0,11.9,0.97,60,523,0,0.355,14.9
4/23/16,0,10.55,0.89,0,446.5,0,0.36,14.4
4/24/16,0,10.1,0.82,0,441,0,0.36,14.3
4/25/16,0,10.1,0.84,0,441,0,0.355,13.7
4/26/16,0,10.55,0.83,0,442,0,0.35,13.55
4/27/16,0,10.3,0.905,0,449,0,0.35,13.6
4/28/16,0,10.95,0.93,0,443,0,0.35,13.5
4/29/16,0,10.35,0.92,0,443,0,0.35,13.85
4/30/16,0,13.7,0.68,0,441,0,0.35,13.95
5/1/16,0,12.55,0.81,0,443,0,0.34,14.75
5/2/16,0,11.15,0.915,0,443.5,0,0.35,14.6
5/3/16,0,12.95,0.895,0,442.5,0,0.35,14.7
5/4/16,0,11.3,0.925,0,444,0,0.35,14.85
5/5/16,0,11.3,0.96,60,466,0,0.35,14.7
5/6/16,0,10.5,0.97,60,505,0,0.35,14.5
5/7/16,0,11.2,0.97,60,483,0,0.35,14.4
5/8/16,0,11.9,0.95,24.5,450.5,0,0.35,14.5
5/9/16,0,11.1,0.94,0,449,0,0.35,14.7
5/10/16,0,11.3,0.94,60,493,0,0.35,14.6
5/11/16,0,11.85,0.94,60,482.5,0,0.35,14.55
5/12/16,0,11,0.93,60,485,0,0.35,14.75
5/13/16,0,10.55,0.915,0,449,0,0.35,14.8
5/14/16,0,12.8,0.885,0,443,0,0.35,14.65
5/15/16,0,11.9,0.87,0,443,0,0.34,15.2
5/16/16,0,12.9,0.87,0,443,0,0.34,15.2
5/17/16,0,16.1,0.765,0,441,0,0.34,15.65
5/18/16,0,14.9,0.795,0,440.5,0,0.33,16.3
5/19/16,0,11.7,0.83,0,441,0,0.34,15.9
5/20/16,0,10.75,0.81,0,441,0,0.34,15
5/21/16,0,11.15,0.86,0,441,0,0.34,14.7
5/22/16,0,11.1,0.86,0,441,0,0.34,14.55
5/23/16,0,11.8,0.88,0,441,0,0.34,14.7
5/24/16,0,12.1,0.875,0,441,0,0.34,14.9
5/25/16,0,11.85,0.87,0,441,0,0.34,15
5/26/16,0,12.6,0.88,0,441,0,0.34,15.05
5/27/16,0,15.5,0.82,0,441,0,0.34,15.15
5/28/16,0,15.2,0.82,0,441,0,0.34,15.85
5/29/16,0,11.6,0.905,0,441,0,0.34,15.55
5/30/16,0,12.5,0.895,0,441,0,0.34,15.4
5/31/16,0,14.65,0.865,0,441,0,0.34,15.8
6/1/16,0,12.55,0.88,0,441,0,0.34,16
6/2/16,0,15.85,0.85,0,440.5,0,0.34,15.85
6/3/16,0,20.4,0.66,0,435,0,0.335,16.6
6/4/16,0,18.85,0.66,0,436,0,0.34,17.3
6/5/16,0,13,0.855,0,440,0,0.34,16.75
6/6/16,0,12.85,0.89,0,447,0,0.34,16.4
6/7/16,0,13.5,0.885,0,445.5,0,0.34,16.35
6/8/16,0,13.7,0.845,0,442,0,0.34,16.5
6/9/16,0,13.8,0.83,0,441,0,0.34,16.45
6/10/16,0,14.5,0.8,0,441,0,0.335,16.35
6/11/16,0,14.75,0.78,0,441,0,0.33,16.15
6/12/16,0,14.05,0.83,0,441,0,0.33,16.1
6/13/16,0,13.45,0.795,0,441,0,0.33,16
6/14/16,0,13,0.7,0,441,0,0.33,15.8
6/15/16,0,12.15,0.785,0,441,0,0.33,15.4
6/16/16,0,13.75,0.815,0,441,0,0.33,15.3
6/17/16,0,15.6,0.825,0,441,0,0.33,15.85
6/18/16,0,16.55,0.705,0,441,0,0.33,16.2
6/19/16,0,19.5,0.5,0,440,0,0.33,16.7
6/20/16,0,19.4,0.455,0,436,0,0.33,17.05
6/21/16,0,19.4,0.49,0,436,0,0.33,17.25
6/22/16,0,15.5,0.715,0,440,0,0.33,17.4
6/23/16,0,15.05,0.775,0,441,0,0.33,17.15
6/24/16,0,16.1,0.75,0,440.5,0,0.33,17.15
6/25/16,0,17.15,0.675,0,440,0,0.33,17.45
6/26/16,0,19.25,0.635,0,439,0,0.33,17.8
6/27/16,0,20.35,0.59,0,437,0,0.33,18.15
6/28/16,0,19.1,0.64,0,441.5,0,0.33,18.6
6/29/16,0,15.5,0.75,0,440.5,0,0.33,18.1
6/30/16,0,12.55,0.86,0,444.5,0,0.33,17.4
7/1/16,0,12.5,0.87,0,446,0,0.33,17
7/2/16,0,12.45,0.89,0,446.5,0,0.33,16.7
7/3/16,0,12.35,0.86,0,441,0,0.33,16.65
7/4/16,0,12.6,0.875,0,444.5,0,0.33,16.55
7/5/16,0,12.2,0.9,56.5,485,0,0.33,16.5
7/6/16,0,13.95,0.85,0,445,0,0.33,16.55
7/7/16,0,13.9,0.825,0,442,0,0.33,16.65
7/8/16,0,14.9,0.83,0,442.5,0,0.33,16.95
7/9/16,0,14.5,0.83,0,443,0,0.33,17.4
7/10/16,0,14.7,0.75,0,441,0,0.33,17.4
7/11/16,0,16.5,0.71,0,441,0,0.33,17.45
7/12/16,0,15.1,0.71,0,441,0,0.33,17.55
7/13/16,0,16.8,0.77,0,441,0,0.33,17.55
7/14/16,0,16.05,0.77,0,441,0,0.32,17.95
7/15/16,0,13.85,0.825,0,441,0,0.27,17.6
7/16/16,0,13.1,0.88,0,441.5,0,0.23,17.2
7/17/16,0,13.05,0.88,0,446,0,0.23,17
7/18/16,0,14.8,0.8,0,442,0,0.22,17.25
7/19/16,0,16.2,0.725,0,441,0,0.22,17.6
7/20/16,0,16.6,0.73,0,441,0,0.22,17.65
7/21/16,0,15.8,0.735,0,441,0,0.22,17.85
7/22/16,0,18.5,0.715,0,441,0,0.21,17.95
7/23/16,0,18.9,0.605,0,440,0,0.21,18.45
7/24/16,0,16,0.7,0,441,0,0.21,18.7
7/25/16,0,15.7,0.82,0,441,0,0.21,18.25
7/26/16,0,18,0.68,0,440,0,0.21,18.45
7/27/16,0,17.45,0.73,0,441,0,0.21,19
7/28/16,0,16.75,0.75,0,441,0,0.21,18.95
7/29/16,0,16.1,0.8,0,441,0,0.21,18.95
7/30/16,0,14.6,0.82,0,441,0,0.21,18.7
7/31/16,0,13.95,0.85,0,441,0,0.21,18.35
8/1/16,0,13.55,0.88,0,441.5,0,0.21,18.25
8/2/16,0,13.05,0.89,0,448,0,0.21,18.15
8/3/16,0,13.1,0.9,31,452,0,0.21,18.05
8/4/16,0,12.75,0.9,13.5,449,0,0.21,17.85
8/5/16,0,12.9,0.895,0,447,0,0.21,17.8
8/6/16,0,13.4,0.885,0,445.5,0,0.21,17.6
8/7/16,0,14.45,0.82,0,441,0,0.21,17.65
8/8/16,0,13.4,0.86,0,441.5,0,0.21,17.75
8/9/16,0,12.4,0.91,0,447,0,0.21,17.7
8/10/16,0,12.4,0.925,60,460.5,0,0.21,17.4
8/11/16,0,12.5,0.915,0,448.5,0,0.21,17.4
8/12/16,0,13.6,0.89,0,445.5,0,0.21,17.5
8/13/16,0,17.7,0.8,0,444,0,0.21,18.2
8/14/16,0,17.1,0.705,0,441,0,0.21,18.75
8/15/16,0,13,0.88,0,448,0,0.21,18.3
8/16/16,0,13.2,0.89,4,448,0,0.21,18.05
8/17/16,0,13.55,0.885,0,445,0,0.21,18.05
8/18/16,0,13.5,0.9,0,444,0,0.21,18
8/19/16,0,13.2,0.93,60,485,0,0.21,17.85
8/20/16,0,13.25,0.89,0,444,0,0.21,17.85
8/21/16,0,13.85,0.885,0,448,0,0.21,17.9
8/22/16,0,13.8,0.87,0,443,0,0.21,18.1
8/23/16,0,14.2,0.87,0,444,0,0.21,18.1
8/24/16,0,13,0.89,5.5,447.5,0,0.21,18
8/31/16,7.32,15.5,0.775,0,441,0,0.21,18.9
9/1/16,27.485,14,0.88,0,441,0,0.21,18.9
9/2/16,40.28,12.9,0.905,0,441,0,0.21,18.75
9/3/16,40.28,12.4,0.9,0,441,0,0.21,18.6
9/4/16,40.28,12.05,0.89,0,442,0,0.2,18.2
9/5/16,40.28,12.3,0.86,0,442,0,0.2,18.2
9/6/16,3.66,17.05,0.75,0,441,0,0.2,18.55
9/7/16,40.28,15.85,0.68,0,440,0,0.2,19.25
9/8/16,28.385,13.15,0.94,60,465,0,0.2,18.95
9/9/16,0,12.55,0.92,0,441,0,0.2,18.7
9/10/16,0,12.5,0.935,0,446.5,0,0.2,18.7
9/11/16,0.9,12.4,0.94,9,449.5,0,0.2,18.55
9/12/16,2.745,11.7,0.87,0,444,0,0.2,18.3
9/13/16,40.28,12,0.93,32,450.5,0,0.2,18.1
9/14/16,25.635,13.4,0.905,0,441,0,0.2,18.2
9/15/16,0,14.15,0.805,0,443,0,0.2,18.4
9/16/16,0,13.95,0.78,0,441,0,0.2,18.7
9/17/16,0,17.6,0.735,0,441,0,0.2,18.85
9/18/16,0,21.3,0.6,0,440,0,0.2,19.5
9/19/16,0,20.75,0.53,0,437,0,0.2,20.25
9/20/16,7.32,16.9,0.74,0,440,0,0.2,20
9/21/16,3.66,14.3,0.79,0,441,0,0.2,19.5
9/22/16,0,11.6,0.81,0,441,0,0.2,18.8
9/23/16,0,13.6,0.66,0,441,0,0.2,18.45
9/24/16,0,18.05,0.68,0,440,0,0.2,18.8
9/25/16,0,20.05,0.55,0,440,0,0.2,19.65
9/26/16,0,21.8,0.47,0,437,0,0.2,20.15
9/27/16,0,20.4,0.4,0,435,0,0.2,20.6
9/28/16,0,17.2,0.53,0,437,0,0.2,20.3
9/29/16,0,12.35,0.85,0,441,0,0.2,19.55
9/30/16,0,11.55,0.84,0,441,0,0.2,19.1
10/1/16,0,11.7,0.77,0,441,0,0.2,18.8
10/2/16,0,11.2,0.815,0,441,0,0.2,18.5
10/3/16,0,12.9,0.82,0,441,0,0.2,18.15
10/4/16,0,12.6,0.78,0,441,0,0.2,18.2
10/5/16,3.68,11.7,0.75,0,441,0,0.2,17.8
10/6/16,36.62,14.4,0.625,0,441,0,0.2,17.7
10/7/16,38.45,18.15,0.45,0,437,0,0.2,18.05
10/8/16,27.45,17.7,0.43,0,436,0,0.2,18.65
10/9/16,0,15.55,0.46,0,436,0,0.2,18.6
10/10/16,0,12.8,0.715,0,439.5,0,0.2,18
10/11/16,3.68,12.15,0.84,0,441,0,0.2,17.55
10/12/16,21.985,10.85,0.89,0,441,0,0.2,17.15
10/13/16,6.41,12.5,0.86,0,441,0,0.2,16.95
10/14/16,0,13.4,0.97,60,627,0,0.2,17.05
10/15/16,23.8,14.8,0.99,60,624,0,0.26,17.4
10/16/16,21.95,14.7,0.995,60,675.5,0,0.285,17.6
10/17/16,23.8,12.9,0.995,60,497,0,0.275,17.5
10/18/16,23.8,11.3,0.97,0,446,0,0.27,17.05
10/19/16,25.63,12.55,0.83,0,445,0,0.26,17.05
10/20/16,23.8,15.05,0.785,0,441,0,0.26,17.5
10/21/16,23.8,15.1,0.815,0,441,0,0.25,18.35
10/22/16,23.8,13.7,0.84,0,441,0,0.25,18.6
10/23/16,23.8,12.75,0.9,0,441.5,0,0.25,17.8
10/24/16,25.63,13,0.95,0,445,0,0.25,17.8
10/25/16,25.63,13.1,0.96,60,500,0,0.25,17.7
10/26/16,27.47,11.9,0.97,60,471,0,0.25,17.6
10/27/16,27.47,13.4,0.96,60,474,0,0.25,17.7
10/28/16,27.47,14.5,0.99,60,583.5,0,0.28,18.05
10/29/16,25.63,14.05,0.995,60,561,0,0.27,18.2
10/30/16,27.47,13,0.995,60,588,0,0.28,17.7
10/31/16,27.47,12.15,1,60,524,0,0.28,17.65
11/1/16,27.47,11.7,1,60,537,0,0.28,17.5
11/2/16,25.63,11,0.995,60,482.5,0,0.27,17.25
11/3/16,25.63,12.6,0.97,0,445,0,0.27,17.4
11/4/16,25.63,12.9,0.935,0,445,0,0.26,17.75
11/5/16,23.8,12.3,0.94,0,444.5,0,0.26,17.8
11/6/16,18.31,14.25,0.97,0,445,0,0.26,17.9
11/7/16,0,15.55,0.96,0,445,0,0.26,18.3
11/8/16,0,15.4,0.96,0,445,0,0.26,18.7
11/9/16,0,15.15,0.96,0,445,0,0.25,18.85
11/10/16,38.45,15.4,0.93,0,442,0,0.25,19
11/11/16,38.45,14.45,0.89,0,441,0,0.25,18.8
11/12/16,40.28,14.1,0.91,0,441,0,0.25,18.6
11/13/16,42.11,13.5,0.96,0,443,0,0.25,18.5
11/14/16,42.11,12.5,0.95,0,443,0,0.25,18.3
11/15/16,42.11,10.9,0.96,0,444,0,0.25,17.7
11/16/16,42.11,9.55,0.88,0,442,0,0.25,17
11/17/16,32.96,7.3,0.91,0,441,0,0.25,16.3
11/18/16,31.13,8.45,0.86,0,441,0,0.24,16
11/19/16,30.215,10.55,0.97,60,510,0,0.24,16
11/20/16,3.66,11.2,0.995,60,554.5,0,0.29,16.1
11/21/16,21.97,8.8,1,60,469,0,0.28,15.95
11/22/16,14.65,8.1,1,0,445,0,0.27,15.6
11/23/16,7.31,8.7,1,60,473.5,0,0.27,15.45
11/24/16,0,6.9,0.99,0,445,0,0.27,15.05
11/25/16,0,7.7,0.99,0,445,0,0.27,14.8
11/26/16,0,8.2,0.995,60,537,0,0.29,14.5
11/27/16,0,8.75,1,60,475.5,0,0.29,14.4
11/28/16,0,8.1,1,60,481,0,0.28,14.4
11/29/16,0,6.95,0.98,0,445,0,0.28,14.35
11/30/16,0,7.6,0.96,0,445,0,0.27,14.1
12/1/16,0,7,0.92,0,444,0,0.27,14.2
12/2/16,0,6.9,0.755,0,442,0,0.27,13.8
12/3/16,0,7.4,0.84,0,442,0,0.27,13.7
12/4/16,0,8.95,0.9,0,443,0,0.27,14
12/5/16,0,8.3,0.95,0,445,0,0.26,14.35
12/6/16,0,6.1,0.92,0,445,0,0.26,13.85
12/7/16,0,6.45,0.94,12,449,0,0.26,13.4
12/8/16,0,10.05,0.98,60,721,0,0.31,13.05
12/9/16,0,12.3,1,60,644,0,0.3,14.3
12/10/16,0,12.6,1,60,728,0,0.31,15.1
12/11/16,0,8.1,0.99,60,522,0,0.29,14.6
12/12/16,0,7.95,0.96,0,445,0,0.28,14.1
12/13/16,0,9.8,0.96,4,451,0,0.28,14.1
12/14/16,0,11.3,0.99,60,626,0,0.28,14.45
12/15/16,0,11.6,1.005,60,664.5,0,0.305,14.6
12/16/16,0,6.3,0.99,60,529,0,0.29,13.9
12/17/16,0,2.75,0.95,0,445,0,0.28,12.85
12/18/16,0,2.5,0.88,0,445,0,0.28,12.3
12/19/16,0,5.1,0.88,0,442,0,0.28,12.05
12/20/16,0,7.5,0.86,0,441,0,0.28,12.4
12/21/16,0,10.5,0.79,0,441,0,0.28,13.05
12/22/16,0,9,0.8,0,441,0,0.27,13.4
12/23/16,0,7.3,0.975,60,584,0,0.29,12.85
12/24/16,0,3.85,0.97,60,480,0,0.29,12.15
12/25/16,0,3.1,0.97,0,444,0,0.28,11.8
12/26/16,0,4.55,0.91,0,443,0,0.28,11.7
12/27/16,0,6.1,0.895,0,442,0,0.28,11.9
12/28/16,0,7.1,0.84,0,441,0,0.28,12.2
12/29/16,0,9.6,0.79,0,441,0,0.28,12.6
12/30/16,0,9.85,0.85,0,441,0,0.27,13.2
12/31/16,0,6.15,0.91,0,441,0,0.27,12.6
1/1/17,0,6.35,0.91,0,442,0,0.27,12.2
1/2/17,0,5.45,0.97,60,532.5,0,0.27,12
1/3/17,0,7.45,0.99,60,674,0,0.31,11.7
1/4/17,0,11.35,1,60,657,0,0.31,12.75
1/5/17,0,6.2,0.99,60,532,0,0.29,12.65
1/6/17,0,3.35,0.95,0,445,0,0.29,11.55
1/7/17,0,9.95,0.99,60,609,0,0.3,11.6
1/8/17,0,11.5,1,60,636.5,0,0.31,13.1
1/9/17,0,10.1,1.01,60,612.5,0,0.3,13.2
1/10/17,0,11.1,1.01,60,636,0,0.305,13.2
1/11/17,0,8.6,1.01,60,532.5,0,0.3,13.1
1/12/17,0,5.95,1.005,60,530.5,0,0.29,12.3
1/13/17,0,4.45,0.99,60,489,0,0.29,11.8
1/14/17,0,5.85,0.96,0,444.5,0,0.29,11.7
1/15/17,0,4.9,0.96,0,444,0,0.28,11.75
1/16/17,0,4.6,0.97,0,444,0,0.28,11.5
1/17/17,0,6.3,0.96,0,444,0,0.28,11.5
1/18/17,0,7.9,0.98,60,584,0,0.28,11.7
1/19/17,0,8.6,1,60,571,0,0.3,11.75
1/20/17,0,7.4,1,60,599,0,0.31,11.2
1/21/17,0,6.8,1,60,559,0,0.3,11.2
1/22/17,0,7.9,1.005,60,638,0,0.31,11.25
1/23/17,0,5.25,1.005,60,610,0,0.3,10.9
1/24/17,0,4.45,1,60,547.5,0,0.29,10.85
1/25/17,0,4.5,0.99,60,483,0,0.29,10.75
1/26/17,0,5.5,0.98,0,445,0,0.29,10.9
1/27/17,0,5.45,0.92,0,443,0,0.29,11
1/28/17,0,6.95,0.905,0,442,0,0.29,11.1
1/29/17,0,7.95,0.85,0,441,0,0.28,11.6
1/30/17,0,9,0.8,0,441,0,0.28,12.1
1/31/17,0,9.15,0.82,0,441,0,0.28,12.5
2/1/17,0,9.5,0.9,0,442,0,0.28,12.45
2/2/17,0,10.15,0.99,60,623,0,0.31,12.2
2/3/17,0,11.7,1,60,593,0,0.3,12.9
2/4/17,0,10.9,1,60,565,0,0.3,13
2/5/17,0,9.35,1.005,60,571.5,0,0.29,12.6
2/6/17,0,11.65,1.01,60,612,0,0.31,12.9
2/7/17,0,12.6,1.02,60,659.5,0,0.32,13.6
2/8/17,0,13.1,1.02,60,623,0,0.31,13.8
2/9/17,0,12.4,1.015,60,616,0,0.3,13.8
2/10/17,0,11.7,1.015,60,571.5,0,0.31,13.7
2/11/17,0,7.05,0.99,60,456.5,0,0.3,12.95
2/12/17,0,8.3,0.93,0,443,0,0.29,12.6
2/13/17,0,9.5,0.95,0,443,0,0.29,12.55
2/14/17,0,9.8,0.91,0,443,0,0.29,12.8
2/15/17,0,10.4,0.9,0,442,0,0.29,13.05
2/16/17,0,11.3,0.99,60,545,0,0.3,13.15
2/17/17,0,10.3,1.005,60,653,0,0.305,12.9
2/18/17,0,9.25,0.99,60,520,0,0.31,12.5
2/19/17,0,8,0.99,60,564.5,0,0.3,11.9
2/20/17,0,11.4,1.005,60,675,0,0.33,12.35
2/21/17,0,11,1.01,60,576,0,0.31,12.8
2/22/17,0,5.55,0.99,60,507,0,0.3,12
2/23/17,0,4.1,0.91,0,444,0,0.29,11.4
2/24/17,0,3.7,0.94,0,444,0,0.29,11
2/25/17,0,5.95,0.925,0,444,0,0.29,10.85
2/26/17,0,5.7,0.92,0,444,0,0.29,11
2/27/17,0,5.3,0.92,45.5,450.5,0,0.29,11
2/28/17,0,5.65,0.895,0,444,0,0.29,10.85
3/1/17,0,7.6,0.86,0,445,0,0.29,11
3/2/17,0,10.05,0.8,0,442,0,0.28,11.5
3/3/17,0,9.4,0.81,0,441,0,0.28,12.15
3/4/17,0,9.3,0.94,0,445,0,0.28,12.15
3/5/17,0,6.4,0.97,60,565,0,0.3,11.6
3/6/17,0,4.7,0.97,60,504,0,0.29,10.95
3/7/17,0,8.1,0.95,0,445,0,0.29,11
3/8/17,0,11.1,0.92,0,445,0,0.29,11.65
3/9/17,0,12.8,0.93,0,445,0,0.29,12.65
3/10/17,0,13.1,0.92,0,445,0,0.28,13.4
3/11/17,0,12.7,0.915,0,445,0,0.28,13.9
3/12/17,0,13,0.775,0,445,0,0.28,14.05
3/13/17,0,14.7,0.77,0,442,0,0.28,14.1
3/14/17,0,14.35,0.82,0,442,0,0.28,14.75
3/15/17,0.915,11.55,0.91,0,445,0,0.28,14.4
3/16/17,1.83,12.1,0.925,0,447,0,0.28,14.05
3/17/17,0,12.7,0.79,0,443,0,0.28,14.15
3/18/17,0.9,11.3,0.85,0,442.5,0,0.28,14.2
3/19/17,0,9.8,0.9,0,444,0,0.28,13.8
3/20/17,0,11.15,0.95,60,460,0,0.28,13.5
3/21/17,0,12.3,0.98,60,561.5,0,0.31,13.65
3/22/17,0.9,9.9,0.98,60,513,0,0.3,13.4
3/23/17,0.915,7.6,0.925,0,445,0,0.29,12.9
3/24/17,0,8.9,0.97,60,592,0,0.305,12.6
3/25/17,0,10.05,0.98,60,503.5,0,0.3,12.7
3/26/17,1.8,10.15,0.96,5,452,0,0.29,12.85
3/27/17,0,8.7,0.95,60,474,0,0.29,12.9
3/28/17,1.8,10.65,0.865,0,445,0,0.29,12.85
3/29/17,0,11.65,0.835,0,445,0,0.29,13.4
3/30/17,1.815,10.4,0.86,0,445,0,0.285,13.6
3/31/17,0.9,10.85,0.68,0,441,0,0.28,13.1
4/1/17,0.915,13.25,0.77,0,441,0,0.28,13.35
4/2/17,1.815,12.7,0.87,0,441,0,0.28,13.85
4/3/17,1.815,11.5,0.715,0,441,0,0.28,14.05
4/4/17,2.745,12.4,0.74,0,439,0,0.28,13.75
4/5/17,3.66,12.3,0.71,0,439.5,0,0.28,14
4/6/17,0,10,0.77,60,454,0,0.28,13.6
4/7/17,0,11.25,0.98,60,576,0,0.3,13.25
4/8/17,1.815,7.45,0.98,60,513.5,0,0.3,12.9
4/9/17,2.765,7.1,0.895,0,447.5,0,0.29,12.5
4/10/17,1.815,10.85,0.885,0,445,0,0.29,12.55
4/11/17,1.815,10.4,0.94,45.5,451.5,0,0.29,13.15
4/12/17,0,11,0.98,60,553,0,0.3,13.2
4/13/17,2.73,10.5,0.97,60,492,0,0.3,13.2
4/14/17,1.815,7.9,0.88,0,447,0,0.29,12.7
4/15/17,3.66,11.1,0.88,0,445,0,0.29,12.65
4/16/17,0,9.5,0.95,60,461,0,0.29,13
4/17/17,0,10.2,0.985,60,585,0,0.31,12.75
4/18/17,1.815,10.55,0.98,60,507,0,0.3,13.1
4/19/17,1.83,9.75,0.94,0,449,0,0.29,13.3
4/20/17,1.83,11.4,0.93,54,453,0,0.29,13.4
4/21/17,2.745,13.6,0.835,0,445.5,0,0.29,13.7
4/22/17,5.49,11.7,0.78,0,443,0,0.29,14.25
4/23/17,2.745,10.1,0.86,0,445,0,0.28,14.05
4/24/17,7.32,11.05,0.9,0,445,0,0.28,13.7
4/25/17,2.745,11.35,0.87,0,445,0,0.28,13.7
4/26/17,3.66,12.2,0.94,0,445,0,0.28,13.9
4/27/17,2.745,10.8,0.865,0,445,0,0.28,14.15
4/28/17,2.745,12.4,0.66,0,441,0,0.28,13.9
4/29/17,2.745,14.5,0.56,0,438,0,0.28,14.2
4/30/17,2.745,14.6,0.72,0,440,0,0.28,14.7
5/1/17,2.745,19.55,0.725,0,440,0,0.28,15.45
5/2/17,3.66,20.1,0.67,0,439,0,0.27,16.4
5/3/17,2.745,18,0.78,0,440,0,0.27,16.95
5/4/17,2.745,14.7,0.85,0,441,0,0.27,16.7
5/5/17,4.595,10.8,0.84,0,444,0,0.27,15.9
5/6/17,2.745,9.1,0.8,0,441,0,0.27,14.7
5/7/17,5.49,9.75,0.88,0,443.5,0,0.27,14.45
5/8/17,4.595,10.15,0.89,0,444,0,0.27,14.5
5/9/17,4.575,11.25,0.9,0,444,0,0.27,14.7
5/10/17,2.745,10.5,0.93,60,455.5,0,0.27,14.8
5/11/17,3.66,12.25,0.88,0,444,0,0.27,14.7
5/12/17,3.66,10,0.815,0,444,0,0.27,14.7
5/13/17,0.9,8.45,0.815,0,441,0,0.27,14.25
5/14/17,2.765,9.3,0.825,0,441,0,0.265,14.05
5/15/17,6.405,8.7,0.87,0,441,0,0.26,13.85
5/16/17,7.31,11.25,0.88,0,444,0,0.26,13.9
5/17/17,3.66,10.95,0.775,0,443.5,0,0.26,14.15
5/18/17,4.575,13.75,0.79,0,442,0,0.26,14.4
5/19/17,3.66,15.45,0.75,0,441,0,0.26,15.15
5/20/17,4.575,18.1,0.76,0,441,0,0.26,15.75
5/21/17,4.575,15.95,0.72,0,440,0,0.26,16.45
5/22/17,5.495,12.3,0.88,0,441,0,0.26,15.85
5/23/17,5.495,12.45,0.9,0,444,0,0.26,15.7
5/24/17,5.49,10.9,0.92,0,444,0,0.26,15.2
8/31/18,0,NA,NA,1950,0,0,NA,NA
8/25/16,0,13.15,0.92,60,523,0,0.21,17.9
8/26/16,0,13.3,0.96,60,559.5,0,0.21,17.8
8/27/16,0,13.1,0.92,0,445,0,0.21,17.75
8/28/16,0,13.4,0.885,0,444,0,0.21,17.65
8/29/16,0,14.5,0.84,0,444,0,0.21,17.9
8/30/16,0,17.1,0.72,0,444,0,0.21,18.55
5/25/17,1.83,10.5,0.965,60,508,0,0.26,14.7
5/26/17,3.66,10.3,0.96,0,446,0,0.26,14.55
5/27/17,5.49,12.05,0.88,0,444,0,0.255,14.5
5/28/17,7.325,12.5,0.895,0,444,0,0.25,15
5/29/17,6.405,10.8,0.905,0,444,0,0.25,15.15
5/30/17,6.405,11.85,0.84,0,441,0,0.25,15.05
5/31/17,5.49,14.3,0.875,0,441,0,0.25,15.1
6/1/17,6.405,14.25,0.88,0,441.5,0,0.25,15.65
6/2/17,6.405,15.2,0.89,0,441,0,0.25,15.8
6/3/17,9.155,14.95,0.805,0,441,0,0.25,16.05
6/4/17,6.405,13.4,0.805,0,441,0,0.25,15.9
6/5/17,7.325,13.75,0.795,0,441,0,0.25,15.65
6/6/17,7.325,12.75,0.86,0,441,0,0.24,15.65
6/7/17,6.405,12,0.91,0,444,0,0.24,15.5
6/8/17,1.83,12.5,0.96,60,516.5,0,0.24,15.2
6/9/17,3.66,13.5,0.97,46.5,449.5,0,0.24,15.35
6/10/17,6.405,12,0.85,0,441.5,0,0.24,15.2
6/11/17,9.155,10.95,0.81,0,441,0,0.24,15.05
6/12/17,2.745,10.95,0.87,0,442.5,0,0.24,14.85
6/13/17,6.405,13.2,0.89,0,441.5,0,0.24,14.8
6/14/17,6.405,16.2,0.805,0,441,0,0.24,15.5
6/15/17,6.405,18.15,0.735,0,440,0,0.24,16
6/16/17,6.405,20.6,0.775,0,440,0,0.24,16.65
6/17/17,6.405,23.1,0.805,0,440.5,0,0.24,17.55
6/18/17,7.32,22,0.77,0,440,0,0.24,18.55
6/19/17,7.32,18.1,0.81,0,441,0,0.23,18.65
6/20/17,7.32,15.8,0.86,0,441,0,0.23,19.2
6/21/17,5.49,15.95,0.91,0,441,0,0.23,18.7
6/22/17,7.32,17,0.86,0,441.5,0,0.23,19.15
6/23/17,7.32,14.4,0.9,0,444,0,0.23,19.15
6/24/17,7.32,14.85,0.92,0,444,0,0.23,18.9
6/25/17,7.325,14.4,0.915,0,442.5,0,0.23,18.85
6/26/17,6.405,16.1,0.885,0,441.5,0,0.23,18.85
6/27/17,6.405,14.7,0.875,0,444,0,0.23,19.1
6/28/17,7.325,13.5,0.9,0,444,0,0.23,18.8
6/29/17,6.405,12.95,0.895,0,443,0,0.23,18.6
6/30/17,7.325,13.45,0.895,0,443.5,0,0.23,18.5
7/1/17,6.405,13.15,0.87,0,443.5,0,0.23,18.4
7/2/17,3.66,11.85,0.91,0,442.5,0,0.23,18.15
7/3/17,7.325,13.3,0.91,0,443,0,0.23,18.05
7/4/17,6.405,13.55,0.92,0,441,0,0.23,18.25
7/5/17,5.49,16.65,0.905,0,441,0,0.23,18.45
7/6/17,5.49,20.2,0.8,0,441,0,0.23,19.1
7/7/17,6.405,24.75,0.655,0,438.5,0,0.23,19.65
7/8/17,6.405,29.25,0.47,0,436,0,0.23,20.45
7/9/17,6.405,18.9,0.65,0,437,0,0.23,20.25
7/10/17,6.405,15.3,0.86,0,441,0,0.22,19.6
7/11/17,6.405,14.75,0.88,0,441,0,0.22,19.35
7/12/17,6.405,13.45,0.85,0,441,0,0.22,19.05
7/13/17,6.405,13.6,0.91,0,441,0,0.22,18.75
7/14/17,3.66,14.5,0.885,0,441,0,0.22,18.75
7/15/17,5.49,22.1,0.88,0,440.5,0,0.22,18.9
7/16/17,5.49,24.7,0.665,0,438,0,0.22,20
7/17/17,6.405,25.8,0.52,0,437,0,0.22,20.5
7/18/17,5.49,18.65,0.68,0,437,0,0.22,20.05
7/19/17,5.49,15.6,0.8,0,440,0,0.22,19.45
7/20/17,5.49,14.2,0.855,0,441,0,0.22,19.05
7/21/17,5.49,13.95,0.84,0,441,0,0.22,18.9
7/22/17,5.49,16.25,0.895,0,441,0,0.22,18.75
7/23/17,5.49,16.3,0.81,0,441,0,0.22,19.1
7/24/17,5.49,12.9,0.915,0,441,0,0.22,18.4
7/25/17,5.49,13.45,0.91,0,441,0,0.22,18.1
7/26/17,3.66,14.2,0.915,0,440,0,0.22,18.2
7/27/17,3.66,16.3,0.885,0,441,0,0.22,18.5
7/28/17,3.66,15.2,0.805,0,441,0,0.22,18.8
7/29/17,4.575,12.5,0.9,0,441,0,0.22,18.4
7/30/17,3.66,13.2,0.93,0,441,0,0.22,18
7/31/17,4.575,14.55,0.92,0,441,0,0.22,18.25
8/1/17,3.66,18.1,0.83,0,441,0,0.22,18.85
8/2/17,5.49,22.9,0.77,0,440,0,0.22,19.7
8/3/17,6.405,21.95,0.67,0,440,0,0.22,20.5
8/4/17,0,21.3,0.73,0,440,0,0.22,20.65
8/5/17,3.66,17.2,0.84,0,441,0,0.22,20.35
8/6/17,4.575,15.3,0.89,0,441,0,0.22,19.75
8/7/17,1.83,15.4,0.855,0,441,0,0.22,18.75
8/8/17,3.66,14.85,0.88,0,441,0,0.22,18.55
8/9/17,4.575,14.6,0.9,0,441,0,0.22,18.35
8/10/17,3.66,14.7,0.9,0,441,0,0.22,18.3
8/11/17,2.745,15.2,0.87,0,441,0,0.22,18.2
8/12/17,2.745,15.3,0.87,0,441,0,0.22,18.25
8/13/17,2.745,14.9,0.89,0,441,0,0.22,18
8/14/17,2.745,14.1,0.91,0,441,0,0.22,17.95
8/15/17,1.83,13.65,0.89,0,443.5,0,0.21,17.6
8/16/17,1.83,13.2,0.91,0,444,0,0.21,17.3
8/17/17,2.745,14.5,0.895,0,441,0,0.21,17.25
8/18/17,1.83,14.15,0.895,0,441.5,0,0.21,17.5
8/19/17,1.83,14.1,0.93,0,444,0,0.21,17.3
8/20/17,0,14,0.95,0,444,0,0.21,17.15
8/21/17,0,14.4,0.95,0,443.5,0,0.21,17.1
8/22/17,1.83,15.55,0.905,0,441,0,0.21,17.15
8/23/17,1.83,13.95,0.93,0,441,0,0.21,17.35
8/24/17,1.83,14.05,0.925,0,442,0,0.21,17.2
8/25/17,1.83,15.65,0.86,0,442,0,0.21,17.1
8/26/17,0.915,18.1,0.77,0,441,0,0.21,17.5
8/27/17,0.915,18.7,0.74,0,441,0,0.21,17.8
8/28/17,0.915,18.1,0.75,0,441,0,0.21,18.1
8/29/17,0.915,15.9,0.87,0,441,0,0.21,17.65
8/30/17,0.915,16.9,0.78,0,441,0,0.21,17.45
8/31/17,0.915,23.55,0.72,0,439.5,0,0.21,17.45
9/1/17,14.65,31.65,0.45,0,436,0,0.21,18.7
9/2/17,36.62,35.2,0.45,0,433,0,0.21,19.6
9/3/17,27.47,27.7,0.6,0,435.5,0,0.21,19.9
9/4/17,0.915,19.6,0.81,0,440,0,0.21,19
9/5/17,0.915,19.1,0.9,0,441,0,0.21,18.75
9/6/17,0,16.2,0.93,0,441,0,0.21,18
9/7/17,0,16.4,0.95,21,451,0,0.21,17.95
9/8/17,0.915,15.6,0.92,0,441,0,0.21,17.9
9/9/17,0,16.25,0.925,0,441,0,0.21,17.9
9/10/17,0.915,23.65,0.885,0,440.5,0,0.21,18.3
9/11/17,0.915,21.2,0.74,0,440,0,0.21,19.3
9/12/17,0,18.05,0.84,0,441,0,0.21,19
9/13/17,0,15.2,0.97,60,491,0,0.21,18.4
9/14/17,0,14.6,0.96,3.5,448,0,0.21,18.1
9/15/17,0,12.7,0.885,0,444,0,0.21,17.55
9/16/17,0,12.9,0.92,0,444,0,0.21,17.5
9/17/17,0,13.65,0.9,0,443,0,0.21,17.4
9/18/17,0.915,14.45,0.91,0,444,0,0.21,17.6
9/19/17,0,13.7,0.765,0,441,0,0.21,17.5
9/20/17,0,15,0.84,0,441,0,0.21,17.35
9/21/17,0,12.6,0.79,0,441,0,0.21,17
9/22/17,0,11.25,0.82,0,441,0,0.21,16.4
9/23/17,0,13.45,0.63,0,440,0,0.21,16.4
9/24/17,0,15.15,0.51,0,436.5,0,0.21,16.7
9/25/17,0,17.3,0.52,0,436.5,0,0.21,17.05
9/26/17,0,19.7,0.515,0,436,0,0.21,17.55
9/27/17,0,18.6,0.54,0,436,0,0.21,18.1
9/28/17,0,18.6,0.54,0,436,0,0.21,18.3
9/29/17,0,16.35,0.59,0,436,0,0.21,18.15
9/30/17,0,14.7,0.855,0,441,0,0.21,17.5
10/1/17,0,14,0.67,0,437.5,0,0.21,17.1
10/2/17,0,14.45,0.46,0,436.5,0,0.21,16.6
10/3/17,0,9.4,0.84,0,440,0,0.2,15.7
10/4/17,0,13.75,0.645,0,438.5,0,0.2,15.4
10/5/17,0,16.1,0.47,0,436,0,0.2,15.95
10/6/17,0,18.3,0.49,0,436,0,0.2,16.25
10/7/17,0,17.1,0.44,0,435,0,0.2,16.6
10/8/17,0,17.1,0.67,0,436.5,0,0.2,16.45
10/9/17,0,17.2,0.34,0,433,0,0.2,16.3
10/10/17,0,13.5,0.595,0,437,0,0.2,16.05
10/11/17,0,10.2,0.81,0,440,0,0.2,15.5
10/12/17,0,11.15,0.515,0,436.5,0,0.2,15
10/13/17,0,13.45,0.49,0,436,0,0.2,14.8
10/14/17,0,16,0.4,0,436,0,0.2,15.15
10/15/17,0,17.95,0.405,0,433.5,0,0.2,15.45
10/16/17,0,17.9,0.375,0,433,0,0.21,16.1
10/17/17,0,16.95,0.445,0,434,0,0.21,16.3
10/18/17,0,13.3,0.56,0,436,0,0.21,15.75
10/19/17,0,12.5,0.84,0,440,0,0.2,15.05
10/20/17,0,10.3,0.945,0,444,0,0.2,14.8
10/21/17,0,11.7,0.835,0,441,0,0.2,14.2
10/22/17,0,14.4,0.765,0,440.5,0,0.21,14.4
10/23/17,0,21.3,0.61,0,437.5,0,0.21,15.15
10/24/17,0,22.3,0.54,0,436,0,0.21,16.35
10/25/17,0,21.65,0.51,0,436,0,0.21,17.05
10/26/17,0,18.9,0.56,0,436,0,0.21,17.15
10/27/17,0,17.7,0.635,0,437,0,0.21,16.95
10/28/17,0,15.5,0.66,0,437,0,0.21,16.6
10/29/17,0,10.2,0.91,0,441,0,0.21,15.3
10/30/17,0,10.1,0.92,1,443,0,0.21,14.85
10/31/17,0,10.5,0.83,0,441,0,0.21,14.5
11/1/17,0,10.9,0.84,0,441,0,0.21,14.35
11/2/17,0,10.6,0.85,0,441,0,0.21,14.3
11/3/17,0,11.4,0.96,60,487,0,0.21,14.25
11/4/17,0,11.3,0.97,16.5,448.5,0,0.21,14.3
11/5/17,0,7.1,0.925,0,444,0,0.21,13.35
11/6/17,0,8.3,0.91,0,444,0,0.21,13.1
11/7/17,0,8,0.865,0,442,0,0.21,13.15
11/8/17,0,12.1,0.885,0,442.5,0,0.21,13.1
11/9/17,0,13.1,0.99,60,524,0,0.21,14
11/10/17,0,11.25,0.99,60,500.5,0,0.21,13.9
11/11/17,0,9.8,0.98,60,461,0,0.21,13.85
11/12/17,0,8.9,0.97,0,448.5,0,0.21,13.55
11/13/17,0,12.45,0.97,0,449,0,0.21,13.5
11/14/17,0,12.1,0.965,0,447,0,0.21,14.2
11/15/17,0,11.4,0.915,0,445,0,0.21,14.1
11/16/17,0,13,0.99,60,564.5,0,0.26,14.3
11/17/17,0,9.3,0.98,5.5,448,0,0.27,14.1
11/18/17,0,7.5,0.915,0,445,0,0.26,13.4
11/19/17,0,10.05,0.94,0,445,0,0.26,13.3
11/20/17,0,13.4,0.92,0,445,0,0.26,13.75
11/21/17,0,14.95,0.92,0,445,0,0.25,14.8
11/22/17,0,16.45,0.895,0,444.5,0,0.25,15.6
11/23/17,0,17.1,0.85,0,443.5,0,0.25,16.3
11/24/17,0,16.05,0.845,0,444.5,0,0.24,16.6
11/25/17,0,14.45,0.825,0,442,0,0.24,16.55
11/26/17,0,13.5,0.97,57.5,479.5,0,0.24,16.2
11/27/17,0,8.5,0.98,25,448,0,0.28,15
11/28/17,0,8.1,0.97,0,445,0,0.27,14.5
11/29/17,0,9.3,0.92,0,445,0,0.27,14.4
11/30/17,0,9.5,0.83,0,443,0,0.27,14.4
12/1/17,0,9.1,0.9,0,445,0,0.26,14.5
12/2/17,0,9.6,0.9,0,445,0,0.26,14.4
12/3/17,0,8.25,0.83,0,443,0,0.26,14.4
12/4/17,0,8.6,0.57,0,441,0,0.255,13.7
12/5/17,0,8.5,0.56,0,441,0,0.25,13.6
12/6/17,0,9.2,0.63,0,441,0,0.25,13.7
12/7/17,0,9.8,0.63,0,441,0,0.25,13.9
12/8/17,0,10.3,0.665,0,441,0,0.25,14.3
12/9/17,0,11.45,0.64,0,440,0,0.25,14.55
12/10/17,0,11.7,0.57,0,437,0,0.24,14.9
12/11/17,0,12.4,0.53,0,437,0,0.24,15.1
12/12/17,0,11.3,0.57,0,437,0,0.24,15.2
12/13/17,0,10.1,0.61,0,437,0,0.24,14.9
12/14/17,0,10.25,0.73,0,440,0,0.24,14.65
12/15/17,0,10.8,0.7,0,440,0,0.24,14.7
12/16/17,0,10.65,0.445,0,438,0,0.23,14.2
12/17/17,0,9.6,0.42,0,437,0,0.23,13.8
12/18/17,0,8.1,0.64,0,438.5,0,0.23,13.65
12/19/17,0,8.7,0.71,0,440,0,0.23,13.65
12/20/17,0,7.2,0.91,0,442,0,0.23,13.55
12/21/17,0,4.4,0.75,0,441,0,0.23,12.8
12/22/17,0,4.35,0.79,0,441,0,0.23,12.3
12/23/17,0,7.9,0.77,0,441,0,0.23,12.4
12/24/17,0,9,0.79,0,441,0,0.23,13
12/25/17,0,10.3,0.745,0,441,0,0.23,13.25
12/26/17,0,10.75,0.82,0,441,0,0.23,13.8
12/27/17,0,9.5,0.87,0,441,0,0.23,13.7
12/28/17,0,9.9,0.815,0,441,0,0.23,13.8
12/29/17,0,11.35,0.68,0,440,0,0.23,14.05
12/30/17,0,10.9,0.68,0,440,0,0.23,14.4
12/31/17,0,10,0.88,0,441,0,0.23,14.05
1/1/18,0,10.1,0.91,0,443,0,0.23,13.9
1/2/18,0,12.55,0.78,0,441,0,0.23,14.2
1/3/18,0,11.4,0.76,12,448.5,0,0.23,14.3
1/4/18,0,12.05,0.98,60,477,0,0.26,14.1
1/5/18,0,12.7,0.995,60,554.5,0,0.28,14.6
1/6/18,0,11.2,0.995,60,478,0,0.29,14.6
1/7/18,0,9.15,0.98,0,449,0,0.28,14
1/8/18,0,10.8,0.99,60,637.5,0,0.31,13.8
1/9/18,0,11.9,1,60,506.5,0,0.3,14.3
1/10/18,0,8,1,60,454,0,0.29,13.4
1/11/18,0,9.9,1,60,478.5,0,0.29,13.3
1/12/18,0,9.65,0.97,0,448.5,0,0.28,13.6
1/13/18,0,11,0.9,0,445,0,0.28,13.5
1/14/18,0,12,0.83,0,443,0,0.28,13.8
1/15/18,0,11.1,0.87,0,443,0,0.27,14.1
1/16/18,0,12,0.95,0,445,0,0.27,14
1/17/18,0,11.35,0.97,0,446,0,0.27,14.15
1/18/18,0,10.4,0.96,0,446,0,0.27,13.9
1/19/18,0,7.15,0.97,50.5,453,0,0.27,13.2
1/20/18,0,5.05,0.94,0,445,0,0.27,12.4
1/21/18,0,6.1,0.95,0,445,0,0.27,12.15
1/22/18,0,8,0.97,60,492,0,0.275,12.2
1/23/18,0,7.1,0.98,39.5,450.5,0,0.29,12.2
1/24/18,0,7.55,0.98,0,449,0,0.29,12.25
1/25/18,0,6.6,0.98,60,487,0,0.3,12
1/26/18,0,5.55,0.97,59.5,473,0,0.29,11.75
1/27/18,0,7.7,0.9,0,445,0,0.29,11.7
1/28/18,0,9.85,0.915,0,445,0,0.28,12.2
1/29/18,0,12,0.79,0,445,0,0.28,12.9
1/30/18,0,12.55,0.74,0,444,0,0.28,13.5
1/31/18,0,12.2,0.78,0,443,0,0.28,13.8
2/1/18,0,13.6,0.695,0,442,0,0.27,13.8
2/2/18,0,15.3,0.695,0,442,0,0.27,14.2
2/3/18,0,16.5,0.64,0,441,0,0.27,14.5
2/4/18,0,15.3,0.71,0,441,0,0.27,14.9
2/5/18,0,14.8,0.7,0,439.5,0,0.27,14.9
2/6/18,0,15.45,0.45,0,435,0,0.27,14.85
2/7/18,0,13,0.6,0,436,0,0.26,14.5
2/8/18,0,14.8,0.625,0,437,0,0.26,14.45
2/9/18,0,15.15,0.63,0,437,0,0.26,14.8
2/10/18,0,12.35,0.66,0,437.5,0,0.26,14.7
2/11/18,0,8.85,0.6,0,437,0,0.26,13.75
2/12/18,0,6.7,0.8,0,440,0,0.26,13.1
2/13/18,0,7.45,0.66,0,440,0,0.25,12.65
2/14/18,0,8.35,0.675,0,440,0,0.25,12.75
2/15/18,0,7.3,0.68,0,440,0,0.25,12.6
2/16/18,0,9.1,0.62,0,438.5,0,0.25,12.45
2/17/18,0,9.3,0.66,0,439.5,0,0.25,12.8
2/18/18,0,7.6,0.82,0,441,0,0.25,12.9
2/19/18,0,4.1,0.78,0,441,0,0.25,11.9
2/20/18,0,2.95,0.8,0,441,0,0.25,11.4
2/21/18,0,4.3,0.83,0,441,0,0.25,11.2
2/22/18,0,4.1,0.86,0,441.5,0,0.25,11.35
2/23/18,0,3.3,0.755,0,441,0,0.25,11.05
2/24/18,0,5.5,0.765,0,441,0,0.25,10.8
2/25/18,0,5.55,0.85,0,441,0,0.25,11.2
2/26/18,0,5.5,0.9,0,443.5,0,0.25,11.3
2/27/18,0,3.5,0.8,0,441,0,0.25,10.9
2/28/18,0,7.1,0.87,0,441,0,0.25,10.8
3/1/18,0,8.8,0.98,60,552.5,0,0.31,11.3
3/2/18,0,6.4,0.99,60,492.5,0,0.3,11.2
3/3/18,0,4.15,0.98,60,494,0,0.3,10.9
3/4/18,0,4.3,0.97,8.5,448,0,0.29,10.5
3/5/18,0,7.3,0.845,0,445,0,0.29,10.5
3/6/18,0,8.85,0.765,0,442.5,0,0.29,11.2
3/7/18,0,9.3,0.71,0,441,0,0.28,12
3/8/18,0,10.7,0.92,0,445,0,0.28,12.4
3/9/18,0,10.1,0.92,0,445,0,0.28,13
3/10/18,0,9.4,0.94,0,446,0,0.28,12.9
3/11/18,0,10.2,0.925,0,445,0,0.28,12.6
3/12/18,0,11.95,0.95,0,445,0,0.28,13.2
3/13/18,0,11.8,0.99,60,552.5,0.5,0.31,13.6
3/14/18,0,7.65,0.99,60,489,0,0.3,12.6
3/15/18,0,7.25,0.99,60,479,0,0.3,11.7
3/16/18,0,7.75,0.98,59,467,0,0.31,11.7
3/17/18,0,5,0.97,60,455.5,0,0.3,11.5
3/18/18,0,6.2,0.955,0,445.5,0,0.29,11.3
3/19/18,0,10.2,0.95,0,447,0,0.29,11.2
3/20/18,0,17.9,0.95,0,448,0,NA,NA
11/4/35,NA,94.4,1.08,698,443,65022,NA,NA
3/21/18,0,NA,NA,NA,NA,0,NA,NA
2/7/36,NA,124.3,1.48,2047,1023,NA,NA,NA